https://www.wikipedia.org/,"Wikipedia

The Free Encyclopedia"
https://www.wikipedia.org/,"1,000,000+


articles"
https://www.wikipedia.org/,"100,000+


articles"
https://www.wikipedia.org/,"10,000+


articles"
https://www.wikipedia.org/,"1,000+


articles"
https://www.wikipedia.org/,"100+


articles"
https://www.wikipedia.org/,Wikipedia still can't be sold.
https://translate.google.com/,Settings
https://translate.google.com/,Voice speed
https://translate.google.com/,Translation types
https://translate.google.com/,Text translation
https://translate.google.com/,Source text
https://translate.google.com/,Translation results
https://translate.google.com/,Document translation
https://translate.google.com/,Drag and drop
https://translate.google.com/,Website translation
https://translate.google.com/,Image translation
https://translate.google.com/,Drag and drop
https://translate.google.com/,Side panels
https://translate.google.com/,Saved
https://translate.google.com/,History
